{
  "IsEncrypted": false,
  "Values": {
    "AzureWebJobsStorage": "DefaultEndpointsProtocol=https;AccountName=functionsdeb9eb7;AccountKey=z4fP0wrZ9wHNztGN92nC3qsQjIgSx66q/EMAm9bvAN4DpNzatgju7dt/x9ITjRORejzlj48mIGDO0HForQEJsQ==;EndpointSuffix=core.windows.net",
    "StorageConnectionString": "DefaultEndpointsProtocol=https;AccountName=debarghya;AccountKey=EVWu8fY2ylSKXj0fhF1Ot9RPSVsXfOTKPYSfDGTw41K2y7yo4hVMXms7ntYo9V1d2fjb9YOVqmBXS6Z5dxHvNg==;TableEndpoint=https://debarghya.table.cosmos.azure.com:443/;",
    "xsdString": "<xsd:schema xmlns:xsd='http://www.w3.org/2001/XMLSchema'>\r\n                   <xsd:element name ='datatypes'>\r\n                    <xsd:complexType>\r\n                     <xsd:all>\r\n                      <xsd:element name='number'>\r\n                       <xsd:complexType>\r\n                        <xsd:sequence>\r\n                         <xsd:element name='number_1' type='xsd:decimal' maxOccurs='unbounded' />\r\n                        <xsd:element name='number_2' type='xsd:decimal' maxOccurs='unbounded' />\r\n                        </xsd:sequence>\r\n                       </xsd:complexType>\r\n                      </xsd:element>\r\n                     </xsd:all>\r\n                    </xsd:complexType>\r\n                   </xsd:element>\r\n                  </xsd:schema>"
  }
}